[{"y":384,"type":"sound","name":"Chapter_1_Scene_1","id":"Chapter_1_Scene_1_1","sketch":true,"x":512,"start_time":0},{"squish_scale":1.02,"type":"picture","y_scale":1,"squish_period":545,"id":"Earth_2","fixed_y":384,"fixed_x":512,"sketch":true,"disappear_time":8300,"x":512,"name":"Earth","y":384,"disappear_method":"expand","start_time":1635,"x_scale":1,"squish_tilt":8},{"squish_scale":1,"type":"picture","y_scale":1,"squish_period":545,"id":"Seaside_3","sketch":true,"x_scale":2,"fixed_y":551.25,"y":551.25,"x":350,"name":"Seaside","disappear_time":25630,"disappear_method":"rewind","start_time":8990,"fixed_x":350,"squish_tilt":0},{"squish_scale":1,"type":"picture","y_scale":1,"squish_period":545,"id":"Tower_5","sketch":true,"x_scale":1,"fixed_y":509.25,"y":509.25,"x":299,"name":"Tower","disappear_time":13075,"disappear_method":"rewind","start_time":10545,"fixed_x":299,"squish_tilt":0},{"squish_scale":1.02,"type":"picture","x":740.75,"squish_period":545,"id":"Girl_6","sketch":true,"fixed_x":740.75,"fixed_y":556.5,"disappear_time":25630,"y_scale":1,"name":"Girl","y":556.5,"disappear_method":"rewind","start_time":13075,"x_scale":-1,"squish_tilt":8},{"squish_scale":1,"type":"picture","x":611,"squish_period":1718,"id":"Red_Star_7","sketch":true,"fixed_x":611,"fixed_y":408,"y":408,"y_scale":0.5,"name":"Red_Star","disappear_time":15800,"disappear_method":"bounce_left","start_time":14720,"x_scale":0.5,"squish_tilt":0},{"squish_scale":1,"type":"picture","x":542,"squish_period":1718,"id":"Orange_Star_8","sketch":true,"fixed_x":542,"fixed_y":351.75,"y":351.75,"y_scale":0.5,"name":"Orange_Star","disappear_time":16340,"disappear_method":"bounce_right","start_time":15260,"x_scale":0.5,"squish_tilt":0},{"squish_scale":1,"type":"picture","x":475.25,"squish_period":1718,"id":"Green_Star_9","sketch":true,"fixed_x":475.25,"fixed_y":282,"y":282,"y_scale":0.5,"name":"Green_Star","disappear_time":16880,"disappear_method":"bounce_left","start_time":15800,"x_scale":0.5,"squish_tilt":0},{"squish_scale":1,"type":"picture","x":413,"squish_period":1718,"id":"Yellow_Star_10","sketch":true,"fixed_x":413,"fixed_y":191.25,"disappear_time":17420,"y_scale":0.5,"name":"Yellow_Star","y":191.25,"disappear_method":"bounce_right","start_time":16340,"x_scale":0.5,"squish_tilt":0},{"squish_scale":1.02,"type":"picture","x":242.75,"squish_period":545,"id":"Girl_11","fixed_y":510.75,"x_scale":1,"sketch":true,"y":510.75,"y_scale":1,"name":"Girl","disappear_time":8300,"disappear_method":"leap_left","start_time":1090,"fixed_x":242.75,"squish_tilt":8},{"squish_scale":1.02,"type":"picture","y_scale":1,"squish_period":545,"id":"Sweater_12","sketch":true,"x_scale":1,"fixed_y":400.5,"y":400.5,"x":559.25,"name":"Sweater","disappear_time":25630,"disappear_method":"rewind","start_time":19630,"fixed_x":559.25,"squish_tilt":8},{"squish_scale":1.02,"type":"picture","y_scale":1,"squish_period":545,"id":"Bird_13","sketch":true,"x_scale":1,"fixed_y":148.5,"y":148.5,"x":320.75,"name":"Bird","disappear_time":25630,"disappear_method":"rewind","start_time":20180,"fixed_x":320.75,"squish_tilt":8},{"squish_scale":1,"type":"picture","x":535.25,"squish_period":1718,"id":"B_14","sketch":true,"fixed_x":535.25,"fixed_y":107.25,"disappear_time":24540,"y_scale":0.6,"name":"B","y":107.25,"disappear_method":"rewind","start_time":21810,"x_scale":0.6,"squish_tilt":0},{"squish_scale":1,"type":"picture","x":651.5,"squish_period":1718,"id":"S_15","sketch":true,"fixed_x":651.5,"fixed_y":276.75,"disappear_time":25360,"y_scale":0.5,"name":"S","y":276.75,"disappear_method":"expand","start_time":21810,"x_scale":0.5,"squish_tilt":0},{"squish_scale":1,"type":"picture","x":594.5,"squish_period":1718,"id":"I_16","sketch":true,"fixed_x":594.5,"fixed_y":111.75,"disappear_time":24540,"y_scale":0.6,"name":"I","y":111.75,"disappear_method":"rewind","start_time":22090,"x_scale":0.6,"squish_tilt":0},{"squish_scale":1,"type":"picture","x":703.25,"squish_period":1718,"id":"W_17","sketch":true,"fixed_x":703.25,"fixed_y":279,"disappear_time":25360,"y_scale":0.5,"name":"W","y":279,"disappear_method":"expand","start_time":22090,"x_scale":0.5,"squish_tilt":0},{"squish_scale":1,"type":"picture","x":657.5,"squish_period":1718,"id":"R_18","sketch":true,"fixed_x":657.5,"fixed_y":114,"disappear_time":24540,"y_scale":0.6,"name":"R","y":114,"disappear_method":"rewind","start_time":22360,"x_scale":0.6,"squish_tilt":0},{"squish_scale":1,"type":"picture","x":761.75,"squish_period":1718,"id":"E_19","sketch":true,"fixed_x":761.75,"fixed_y":276.75,"disappear_time":25360,"y_scale":0.4,"name":"E","y":276.75,"disappear_method":"expand","start_time":22360,"x_scale":0.4,"squish_tilt":0},{"squish_scale":1,"type":"picture","x":707.75,"squish_period":1718,"id":"D_20","sketch":true,"fixed_x":707.75,"fixed_y":105.75,"disappear_time":24540,"y_scale":0.6,"name":"D","y":105.75,"disappear_method":"rewind","start_time":22630,"x_scale":0.6,"squish_tilt":0},{"squish_scale":1,"type":"picture","x":805.25,"squish_period":1718,"id":"A_21","sketch":true,"fixed_x":805.25,"fixed_y":276,"disappear_time":25360,"y_scale":0.4,"name":"A","y":276,"disappear_method":"expand","start_time":22630,"x_scale":0.4,"squish_tilt":0},{"squish_scale":1,"type":"picture","x":854,"squish_period":1718,"id":"T_22","sketch":true,"fixed_x":854,"fixed_y":278.25,"disappear_time":25360,"y_scale":0.5,"name":"T","y":278.25,"disappear_method":"expand","start_time":22900,"x_scale":0.5,"squish_tilt":0},{"squish_scale":1,"type":"picture","x":896,"squish_period":1718,"id":"E_23","sketch":true,"fixed_x":896,"fixed_y":274.5,"disappear_time":25360,"y_scale":0.4,"name":"E","y":274.5,"disappear_method":"expand","start_time":23180,"x_scale":0.4,"squish_tilt":0},{"squish_scale":1,"type":"picture","x":941,"squish_period":1718,"id":"R_24","sketch":true,"fixed_x":941,"fixed_y":276.75,"disappear_time":25360,"y_scale":0.5,"name":"R","y":276.75,"disappear_method":"expand","start_time":23450,"x_scale":0.5,"squish_tilt":0}]